,Property_details,Area,Price,Area Type,Number of Sq ft
0,"4 BHK Independent House for Sale in T Nagar, Coimbatore",2400 sqft,₹1.20 Cr ,Super Area,2400 sqft
1,"4 BHK Independent House for Sale in Singanallur, Coimbatore",2580 sqft,₹1.30 Cr ,Carpet Area,2580 sqft
2,"2 BHK Independent House for Sale in Karayampalayam, Coimbatore",1350 sqft,₹55 Lac ,Carpet Area,1350 sqft
3,"3 BHK Independent House for Sale in Pannimadai, Coimbatore",2000 sqft,₹85 Lac ,Carpet Area,2000 sqft
4,4 BHK Independent House for Sale in Coimbatore,2036 sqft,₹1.25 Cr ,Super Area,2036 sqft
5,"2 BHK Independent House for Sale in Karamadai, Coimbatore",1236 sqft,₹54 Lac ,Carpet Area,1236 sqft
6,"2 BHK Independent House for Sale in Kannampalayam, Coimbatore",2100 sqft,₹65 Lac ,Super Area,2100 sqft
7,"2 BHK Independent House for Sale in Podunur, Coimbatore",1090 sqft,₹32 Lac ,Carpet Area,1090 sqft
8,"3 BHK Independent House for Sale in Narasimhanaicken Palayam, Coimbatore",1800 sqft,₹60 Lac ,Carpet Area,1800 sqft
9,"3 BHK Independent House for Sale in SIHS Colony, Coimbatore",1100 sqft,₹80 Lac ,Carpet Area,1100 sqft
10,"2 BHK Independent House for Sale in Veerapandi Pirivu, Coimbatore",1500 sqft,₹60 Lac ,Super Area,1500 sqft
11,"2 BHK Independent House for Sale in Nehru Nagar, Coimbatore",1000 sqft,₹60 Lac ,Super Area,1000 sqft
12,"2 BHK Independent House for Sale in Sundarapuram, Coimbatore",800 sqft,₹69 Lac ,Carpet Area,800 sqft
13,"3 BHK Independent House for Sale in Kovai Pudur, Coimbatore",1880 sqft,₹95 Lac ,Super Area,1880 sqft
14,"7 BHK Independent House for Sale in Kuniyamuthur, Coimbatore",2000 sqft,₹1.75 Cr ,Carpet Area,2000 sqft
15,"3 BHK Independent House for Sale in Peelamedu Pudur, Coimbatore",3 cent,₹1.50 Cr ,Carpet Area,3 cent
16,"3 BHK Independent House for Sale in Goundan Palayam, Coimbatore",2000 sqft,₹79 Lac ,Carpet Area,2000 sqft
17,"3 BHK Independent House for Sale in Kavundam Palayam, Coimbatore",1400 sqft,₹1.20 Cr ,Carpet Area,1400 sqft
18,"2 BHK Independent House for Sale in Saravanampatty, Coimbatore",1200 sqft,₹99 Lac ,Carpet Area,1200 sqft
19,"2 BHK Independent House for Sale in Pannimadai, Coimbatore",850 sqft,₹38 Lac ,Carpet Area,850 sqft
20,"2 BHK Independent House for Sale in Avarampalayam, Coimbatore",1400 sqft,₹1.15 Cr ,Carpet Area,1400 sqft
21,"2 BHK Independent House for Sale in Veerapandi Pirivu, Coimbatore",10 sqft,₹50.4 Lac ,Carpet Area,10 sqft
22,"4 BHK Independent House for Sale in Vadavalli, Coimbatore",3066 sqft,₹2.35 Cr ,Super Area,3066 sqft
23,"3 BHK Independent House for Sale in Sulur, Coimbatore",2300 sqft,₹1.25 Cr ,Super Area,2300 sqft
24,"4 BHK Independent House for Sale in Maruthamalai Road, Coimbatore",4200 sqft,₹2 Cr ,Carpet Area,4200 sqft
25,"2 BHK Independent House for Sale in Saravanampatty, Coimbatore",1176 sqft,₹90 Lac ,Super Area,1176 sqft
26,"2 BHK Independent House for Sale in Podanur shetty palayam, Coimbatore",850 sqft,₹36 Lac ,Super Area,850 sqft
27,"1 BHK Independent House for Sale in Pattanam, Coimbatore",500 sqft,₹21.5 Lac ,Carpet Area,500 sqft
28,"4 BHK Independent House for Sale in Kovai Pudur, Coimbatore",1200 sqft,₹85 Lac ,Carpet Area,1200 sqft
29,"10 BHK Independent House for Sale in Sundakkamuthur, Coimbatore",1977 sqft,₹95 Lac ,Super Area,1977 sqft
30,"3 BHK Independent House for Sale in Viswanathapuram Lay Out, Coimbatore",3000 sqft,₹75 Lac ,Carpet Area,3000 sqft
31,"2 BHK Independent House for Sale in Kurumbapalayam, Coimbatore",1150 sqft,₹56 Lac ,Super Area,1150 sqft
32,"1 BHK Independent House for Sale in Sukrawarpet, Coimbatore",1360 sqft,₹1.50 Cr ,Carpet Area,1360 sqft
33,"5 BHK Independent House for Sale in Selvapuram, Coimbatore",2500 sqft,₹90 Lac ,Carpet Area,2500 sqft
34,"2 BHK Independent House for Sale in Thudiyalur, Coimbatore",1150 sqft,₹80 Lac ,Carpet Area,1150 sqft
35,"1 BHK Independent House for Sale in pollachi, Coimbatore",750 sqft,₹40 Lac ,Carpet Area,750 sqft
36,"2 BHK Independent House for Sale in Mathampalayam, Coimbatore",710 sqft,₹40 Lac ,Carpet Area,710 sqft
37,"2 BHK Independent House for Sale in Karumbu Kadai, Coimbatore",465 sqft,₹30 Lac ,Carpet Area,465 sqft
38,2 BHK Independent House for Sale in Coimbatore,1200 sqft,₹44 Lac ,Super Area,1200 sqft
39,7 BHK Independent House for Sale in Coimbatore,1800 sqft,₹35 Lac ,Super Area,1800 sqft
40,"2 BHK Independent House for Sale in Velandi Palayam, Coimbatore",2227 sqft,₹75 Lac ,Super Area,2227 sqft
41,"3 BHK Independent House for Sale in Podunur, Coimbatore",2000 sqft,₹1.50 Cr ,Carpet Area,2000 sqft
42,"2 BHK Independent House for Sale in Idigarai, Coimbatore",160 sqft,₹44.5 Lac ,Carpet Area,160 sqft
43,"2 BHK Independent House for Sale in Vedapatti, Coimbatore",1620 sqft,₹58 Lac ,Carpet Area,1620 sqft
44,"1 BHK Independent House for Sale in Puliakulam, Coimbatore",945 sqft,₹45 Lac ,Carpet Area,945 sqft
45,"2 BHK Independent House for Sale in Vadavalli, Coimbatore",1175 sqft,₹65 Lac ,Carpet Area,1175 sqft
46,"1 BHK Independent House for Sale in Sengalipalayam, Coimbatore",1200 sqft,₹32 Lac ,Carpet Area,1200 sqft
47,"6 BHK Independent House for Sale in Avarampalayam, Coimbatore",2400 sqft,₹3 Cr ,Carpet Area,2400 sqft
48,"2 BHK Independent House for Sale in Vadavalli, Coimbatore",1000 sqft,₹50 Lac ,Super Area,1000 sqft
49,"2 BHK Independent House for Sale in Ramanathapuram, Coimbatore",400 sqft,₹45 Lac ,Carpet Area,400 sqft
50,"5 BHK Independent House for Sale in Ramanathapuram, Coimbatore",2400 sqft,₹80 Lac ,Super Area,2400 sqft
51,"1 BHK Independent House for Sale in Saravanampatty, Coimbatore",2700 sqft,₹1.85 Cr ,Carpet Area,2700 sqft
52,"7 BHK Independent House for Sale in Pari Nagar Edayarpalayam, Coimbatore",2200 sqft,₹1.50 Cr ,Super Area,2200 sqft
53,3 BHK Independent House for Sale in Coimbatore,2685 sqft,₹1 Cr ,Super Area,2685 sqft
54,"3 BHK Independent House for Sale in Periyanaickenpalayam, Coimbatore",1600 sqft,₹60 Lac ,Super Area,1600 sqft
55,"1 BHK Independent House for Sale in Kavundam Palayam, Coimbatore",2 cent,₹68 Lac ,Carpet Area,2 cent
56,"4 BHK Independent House for Sale in Sulur, Coimbatore",2700 sqft,₹1 Cr ,Super Area,2700 sqft
57,"2 BHK Independent House for Sale in Atlantic Nagar, Coimbatore",1250 sqft,₹48 Lac ,Carpet Area,1250 sqft
58,"3 BHK Independent House for Sale in Karumbu Kadai, Coimbatore",430 sqft,₹31 Lac ,Carpet Area,430 sqft
59,"3 BHK Independent House for Sale in Athipalayam, Coimbatore",1650 sqft,₹60 Lac ,Super Area,1650 sqft
60,"2 BHK Independent House for Sale in Kovilpalayam, Coimbatore",1520 sqft,₹61 Lac ,Super Area,1520 sqft
61,"2 BHK Independent House for Sale in Koundampalayam, Coimbatore",1650 sqft,₹85 Lac ,Super Area,1650 sqft
62,"2 BHK Independent House for Sale in Kannampalayam, Coimbatore",1000 sqft,₹42 Lac ,Carpet Area,1000 sqft
63,"2 BHK Independent House for Sale in Kalangal, Coimbatore",757 sqft,₹25 Lac ,Super Area,757 sqft
64,"1 BHK Independent House for Sale in Ramanathapuram, Coimbatore",900 sqft,₹68 Lac ,Carpet Area,900 sqft
65,"3 BHK Independent House for Sale in Siva Nagar Press Colony, Coimbatore",2000 sqft,₹90 Lac ,Carpet Area,2000 sqft
66,"2 BHK Independent House for Sale in pollachi, Coimbatore",7 cent,₹60 Lac ,Carpet Area,7 cent
67,"8 BHK Independent House for Sale in Sundarapuram, Coimbatore",6500 sqft,₹2.90 Cr ,Carpet Area,6500 sqft
68,"2 BHK Independent House for Sale in Idigarai, Coimbatore",1300 sqft,₹40 Lac ,Super Area,1300 sqft
69,"5 BHK Independent House for Sale in Podunur, Coimbatore",2650 sqft,₹85 Lac ,Super Area,2650 sqft
70,"3 BHK Independent House for Sale in Kurumbapalayam, Coimbatore",2500 sqft,₹97.5 Lac ,Carpet Area,2500 sqft
71,"5 BHK Independent House for Sale in Sulur, Coimbatore",3440 sqft,₹1.39 Cr ,Super Area,3440 sqft
72,"4 BHK Independent House for Sale in Ganapathy, Coimbatore",3750 sqft,₹2 Cr ,Super Area,3750 sqft
73,"2 BHK Independent House for Sale in pollachi, Coimbatore",1350 sqft,₹65 Lac ,Carpet Area,1350 sqft
74,"1 BHK Independent House for Sale in Sulur, Coimbatore",500 sqft,₹19 Lac ,Carpet Area,500 sqft
75,"2 BHK Independent House for Sale in Somanur, Coimbatore",4500 sqft,₹1 Cr ,Carpet Area,4500 sqft
76,"1 BHK Independent House for Sale in Rathinapuri, Coimbatore",150 sqft,₹1.15 Cr ,Carpet Area,150 sqft
77,"2 BHK Independent House for Sale in Kinathukadavu, Coimbatore",1200 sqft,₹30 Lac ,Super Area,1200 sqft
78,"2 BHK Independent House for Sale in Annur, Coimbatore",1100 sqft,₹32 Lac ,Carpet Area,1100 sqft
79,"5 BHK Independent House for Sale in Karamadai, Coimbatore",3052 sqft,₹60 Lac ,Carpet Area,3052 sqft
80,"2 BHK Independent House for Sale in Kinathukadavu, Coimbatore",500 sqft,₹25 Lac ,Carpet Area,500 sqft
81,"2 BHK Independent House for Sale in Pappampatti, Coimbatore",600 sqft,₹21.2 Lac ,Carpet Area,600 sqft
82,"5 BHK Independent House for Sale in Lawley Road, Coimbatore",1700 sqft,₹70 Lac ,Carpet Area,1700 sqft
83,2 BHK Independent House for Sale in Coimbatore,1050 sqft,₹1 Cr ,Carpet Area,1050 sqft
84,"2 BHK Independent House for Sale in Pattanam, Coimbatore",1150 sqft,₹45 Lac ,Super Area,1150 sqft
85,"2 BHK Independent House for Sale in Podunur, Coimbatore",800 sqft,₹60 Lac ,Carpet Area,800 sqft
86,"4 BHK Independent House for Sale in pollachi, Coimbatore",1320 sqft,₹42 Lac ,Carpet Area,1320 sqft
87,2 BHK Independent House for Sale in Coimbatore,1010 sqft,₹42 Lac ,Carpet Area,1010 sqft
88,6 BHK Independent House for Sale in Coimbatore,4000 sqft,₹4.50 Cr ,Super Area,4000 sqft
89,"2 BHK Independent House for Sale in Vadavalli, Coimbatore",900 sqft,₹1.30 Cr ,Carpet Area,900 sqft
90,"3 BHK Independent House for Sale in Sulur, Coimbatore",1350 sqft,₹56 Lac ,Carpet Area,1350 sqft
91,"2 BHK Independent House for Sale in Maniyakarampalayam, Coimbatore",964 sqft,₹62 Lac ,Super Area,964 sqft
92,"> 10 BHK Independent House for Sale in Ganapathy, Coimbatore",18000 sqft,₹5 Cr ,Carpet Area,18000 sqft
93,2 BHK Independent House for Sale in Coimbatore,1562 sqft,₹76 Lac ,Super Area,1562 sqft
94,4 BHK Independent House for Sale in Coimbatore,4200 sqft,₹3.25 Cr ,Carpet Area,4200 sqft
95,"2 BHK Independent House for Sale in Chettipalayam, Coimbatore",1350 sqft,₹42 Lac ,Super Area,1350 sqft
96,"2 BHK Independent House for Sale in Malumichampatti, Coimbatore",1197 sqft,₹42 Lac ,Carpet Area,1197 sqft
97,"2 BHK Independent House for Sale in Nadupalayam, Coimbatore",800 sqft,₹38 Lac ,Carpet Area,800 sqft
98,"6 BHK Independent House for Sale in Thoppampatti Pirivu, Coimbatore",2880 sqft,₹1.25 Cr ,Super Area,2880 sqft
99,"3 BHK Independent House for Sale in Gandhipuram, Coimbatore",1200 sqft,₹1.30 Cr ,Super Area,1200 sqft
100,"1 BHK Independent House for Sale in Sulur, Coimbatore",2100 sqft,₹40 Lac ,Super Area,2100 sqft
101,"3 BHK Independent House for Sale in Kovilpalayam, Coimbatore",1850 sqft,₹81 Lac ,Super Area,1850 sqft
102,"1 BHK Independent House for Sale in Kalveerampalayam, Coimbatore",1400 sqft,₹40 Lac ,Carpet Area,1400 sqft
103,"2 BHK Independent House for Sale in Idigarai, Coimbatore",600 sqft,₹48 Lac ,Super Area,600 sqft
104,"5 BHK Independent House for Sale in Kovai Pudur, Coimbatore",3500 sqft,₹1.20 Cr ,Super Area,3500 sqft
105,"2 BHK Independent House for Sale in Singanallur, Coimbatore",1100 sqft,₹2.50 Cr ,Super Area,1100 sqft
106,"2 BHK Independent House for Sale in Athipalayam, Coimbatore",512 sqft,₹31 Lac ,Carpet Area,512 sqft
107,"3 BHK Independent House for Sale in Malumichampatti, Coimbatore",1200 sqft,₹65 Lac ,Carpet Area,1200 sqft
108,"2 BHK Independent House for Sale in Kovilpalayam, Coimbatore",1100 sqft,₹58 Lac ,Carpet Area,1100 sqft
109,"2 BHK Independent House for Sale in Thopampatti, Coimbatore",456 sqft,₹35 Lac ,Carpet Area,456 sqft
110,"2 BHK Independent House for Sale in Malumichampatti, Coimbatore",1100 sqft,₹41 Lac ,Super Area,1100 sqft
111,"2 BHK Independent House for Sale in Kalapatti, Coimbatore",1198 sqft,₹75 Lac ,Carpet Area,1198 sqft
112,"2 BHK Independent House for Sale in Karamadai, Coimbatore",390 sqft,₹30.5 Lac ,Carpet Area,390 sqft
113,"2 BHK Independent House for Sale in Vadavalli, Coimbatore",900 sqft,₹1.30 Cr ,Carpet Area,900 sqft
114,5 BHK Independent House for Sale in Coimbatore,3831 sqft,₹2.50 Cr ,Super Area,3831 sqft
115,"2 BHK Independent House for Sale in Sundarapuram, Coimbatore",4000 sqft,₹1.45 Cr ,Carpet Area,4000 sqft
116,3 BHK Independent House for Sale in Coimbatore,1600 sqft,₹2.50 Cr ,Super Area,1600 sqft
117,"2 BHK Independent House for Sale in Marappalam, Coimbatore",490 sqft,₹60 Lac ,Carpet Area,490 sqft
118,"4 BHK Independent House for Sale in Sukrawarpet, Coimbatore",684 sqft,₹35 Lac ,Super Area,684 sqft
119,"2 BHK Independent House for Sale in Kinathukadavu, Coimbatore",1000 sqft,₹45 Lac ,Carpet Area,1000 sqft
120,"3 BHK Independent House for Sale in Vadavalli, Coimbatore",1070 sqft,₹70 Lac ,Carpet Area,1070 sqft
121,"2 BHK Independent House for Sale in Pattanam Pudur, Coimbatore",1100 sqft,₹60 Lac ,Carpet Area,1100 sqft
122,"3 BHK Independent House for Sale in Sugunapuram East, Coimbatore",2000 sqft,₹95 Lac ,Super Area,2000 sqft
123,"2 BHK Independent House for Sale in Pachapalayam, Coimbatore",800 sqft,₹45 Lac ,Carpet Area,800 sqft
124,"3 BHK Independent House for Sale in pollachi, Coimbatore",2100 sqft,₹90 Lac ,Carpet Area,2100 sqft
125,"10 BHK Independent House for Sale in Singanallur, Coimbatore",3880 sqft,₹3 Cr ,Carpet Area,3880 sqft
126,3 BHK Independent House for Sale in Coimbatore,1750 sqft,₹65 Lac ,Super Area,1750 sqft
127,"2 BHK Independent House for Sale in Pachapalayam, Coimbatore",1700 sqft,₹75 Lac ,Carpet Area,1700 sqft
128,"3 BHK Independent House for Sale in Pappampatti, Coimbatore",1500 sqft,₹68 Lac ,Carpet Area,1500 sqft
129,"3 BHK Independent House for Sale in Neelambur, Coimbatore",1200 sqft,₹70 Lac ,Carpet Area,1200 sqft
130,3 BHK Independent House for Sale in Coimbatore,2100 sqft,₹70 Lac ,Super Area,2100 sqft
131,3 BHK Independent House for Sale in Coimbatore,1800 sqft,₹85 Lac ,Carpet Area,1800 sqft
132,"2 BHK Independent House for Sale in pollachi, Coimbatore",1350 sqft,₹65 Lac ,Carpet Area,1350 sqft
133,4 BHK Independent House for Sale in Coimbatore,2300 sqft,₹60 Lac ,Super Area,2300 sqft
134,"7 BHK Independent House for Sale in BK Pudur, Coimbatore",4655 sqft,₹1.85 Cr ,Carpet Area,4655 sqft
135,"4 BHK Independent House for Sale in Kannampalayam, Coimbatore",2400 sqft,₹75 Lac ,Carpet Area,2400 sqft
136,3 BHK Independent House for Sale in Coimbatore,1520 sqft,₹62 Lac ,Super Area,1520 sqft
137,5 BHK Independent House for Sale in Coimbatore,1824 sqft,₹65 Lac ,Super Area,1824 sqft
138,"3 BHK Independent House for Sale in Kannappan Nagar, Coimbatore",454 sqft,₹43 Lac ,Super Area,454 sqft
139,"2 BHK Independent House for Sale in pollachi, Coimbatore",250 sqft,₹60 Lac ,Carpet Area,250 sqft
140,"1 BHK Independent House for Sale in Veerapandi Pirivu, Coimbatore",410 sqft,₹14 Lac ,Super Area,410 sqft
141,"1 BHK Independent House for Sale in Ondipudur, Coimbatore",1800 sqft,₹63 Lac ,Carpet Area,1800 sqft
142,"5 BHK Independent House for Sale in Cheran Colony, Coimbatore",2000 sqft,₹1.32 Cr ,Carpet Area,2000 sqft
143,"3 BHK Independent House for Sale in Rathinapuri, Coimbatore",874 sqft,₹35 Lac ,Carpet Area,874 sqft
144,6 BHK Independent House for Sale in Coimbatore,Ready to Move,₹72 Lac ,Status,Ready to Move
145,"2 BHK Independent House for Sale in Eachanari, Coimbatore",1500 sqft,₹48 Lac ,Carpet Area,1500 sqft
146,"3 BHK Independent House for Sale in Vadavalli, Coimbatore",1950 sqft,₹95 Lac ,Super Area,1950 sqft
147,"5 BHK Independent House for Sale in Sulur, Coimbatore",2950 sqft,₹78 Lac ,Super Area,2950 sqft
148,"2 BHK Independent House for Sale in Annur, Coimbatore",950 sqft,₹22 Lac ,Super Area,950 sqft
149,"2 BHK Independent House for Sale in Sulur, Coimbatore",800 sqft,₹72 Lac ,Carpet Area,800 sqft
150,"2 BHK Independent House for Sale in Vadavalli, Coimbatore",1650 sqft,₹98 Lac ,Carpet Area,1650 sqft
151,"5 BHK Independent House for Sale in NGGO Colony, Coimbatore",2350 sqft,₹75.5 Lac ,Super Area,2350 sqft
152,"6 BHK Independent House for Sale in KRG Nagar, Coimbatore",5200 sqft,₹3 Cr ,Carpet Area,5200 sqft
153,"1 BHK Independent House for Sale in Edayarpalayam, Coimbatore",2450 sqft,₹74 Lac ,Carpet Area,2450 sqft
154,"6 BHK Independent House for Sale in Ganapathy, Coimbatore",5200 sqft,₹2.75 Cr ,Carpet Area,5200 sqft
155,"4 BHK Independent House for Sale in Saravanampatty, Coimbatore",5000 sqft,₹1.50 Cr ,Super Area,5000 sqft
156,"1 BHK Independent House for Sale in Sugunapuram, Coimbatore",999 sqft,₹28 Lac ,Super Area,999 sqft
157,"4 BHK Independent House for Sale in Sivaram Nagar, Coimbatore",4500 sqft,₹3.25 Cr ,Super Area,4500 sqft
158,"2 BHK Independent House for Sale in Sulur, Coimbatore",1000 sqft,₹35 Lac ,Carpet Area,1000 sqft
159,"4 BHK Independent House for Sale in Keeranatham, Coimbatore",1400 sqft,₹81 Lac ,Carpet Area,1400 sqft
160,"1 BHK Independent House for Sale in Ondipudur, Coimbatore",800 sqft,₹42 Lac ,Super Area,800 sqft
161,"3 BHK Independent House for Sale in Maniakaram Palayam, Coimbatore",1650 sqft,₹2.10 Cr ,Carpet Area,1650 sqft
162,"4 BHK Independent House for Sale in Neelambur, Coimbatore",2200 sqft,₹90 Lac ,Carpet Area,2200 sqft
163,"3 BHK Independent House for Sale in Vadavalli, Coimbatore",2000 sqft,₹80 Lac ,Carpet Area,2000 sqft
164,"3 BHK Independent House for Sale in Selvapuram, Coimbatore",2700 sqft,₹2.20 Cr ,Carpet Area,2700 sqft
165,"2 BHK Independent House for Sale in pollachi, Coimbatore",800 sqft,₹45 Lac ,Carpet Area,800 sqft
166,"2 BHK Independent House for Sale in Vellalore, Coimbatore",2764 sqft,₹80 Lac ,Super Area,2764 sqft
167,"3 BHK Independent House for Sale in Kuniyamuthur, Coimbatore",640 sqft,₹49 Lac ,Super Area,640 sqft
168,"2 BHK Independent House for Sale in Sulur, Coimbatore",1000 sqft,₹53 Lac ,Carpet Area,1000 sqft
169,"3 BHK Independent House for Sale in Vadavalli, Coimbatore",1800 sqft,₹95 Lac ,Super Area,1800 sqft
170,"3 BHK Independent House for Sale in Sundarapuram, Coimbatore",1200 sqft,₹1.20 Cr ,Carpet Area,1200 sqft
171,"4 BHK Independent House for Sale in Vadavalli, Coimbatore",2400 sqft,₹1.10 Cr ,Carpet Area,2400 sqft
172,"4 BHK Independent House for Sale in pollachi, Coimbatore",2400 sqft,₹80 Lac ,Carpet Area,2400 sqft
173,"3 BHK Independent House for Sale in Podunur, Coimbatore",230 sqft,₹95 Lac ,Carpet Area,230 sqft
174,"3 BHK Independent House for Sale in Bodipalyam, Coimbatore",1650 sqft,₹54 Lac ,Carpet Area,1650 sqft
175,"2 BHK Independent House for Sale in Narasimhanaicken Palayam, Coimbatore",2560 sqft,₹70 Lac ,Super Area,2560 sqft
176,"2 BHK Independent House for Sale in Chettipalayam, Coimbatore",720 sqft,₹35 Lac ,Carpet Area,720 sqft
177,"2 BHK Independent House for Sale in R.S. Puram, Coimbatore",10 sqft,₹40 Lac ,Carpet Area,10 sqft
178,"3 BHK Independent House for Sale in Kovilpalayam, Coimbatore",1400 sqft,₹87 Lac ,Carpet Area,1400 sqft
179,"3 BHK Independent House for Sale in Ganapathy, Coimbatore",1950 sqft,₹1.25 Cr ,Carpet Area,1950 sqft
180,"6 BHK Independent House for Sale in Villankurichi Road, Coimbatore",4200 sqft,₹2 Cr ,Super Area,4200 sqft
181,"2 BHK Independent House for Sale in Sathy Road, Coimbatore",1100 sqft,₹38 Lac ,Carpet Area,1100 sqft
182,"2 BHK Independent House for Sale in Veerakeralam, Coimbatore",100 sqft,₹80 Lac ,Carpet Area,100 sqft
183,"3 BHK Independent House for Sale in Avarampalayam, Coimbatore",975 sqft,₹90 Lac ,Carpet Area,975 sqft
184,"2 BHK Independent House for Sale in Othakal Mandapam, Coimbatore",1000 sqft,₹38 Lac ,Carpet Area,1000 sqft
185,"4 BHK Independent House for Sale in Singanallur, Coimbatore",2400 sqft,₹99 Lac ,Carpet Area,2400 sqft
186,"4 BHK Independent House for Sale in Peelamedu, Coimbatore",1428 sqft,₹1.95 Cr ,Carpet Area,1428 sqft
187,"2 BHK Independent House for Sale in Arasur, Coimbatore",1000 sqft,₹45 Lac ,Carpet Area,1000 sqft
188,"2 BHK Independent House for Sale in Thudiyalur, Coimbatore",1110 sqft,₹50 Lac ,Carpet Area,1110 sqft
189,"2 BHK Independent House for Sale in Kovai Pudur, Coimbatore",1000 sqft,₹1.25 Cr ,Carpet Area,1000 sqft
190,"2 BHK Independent House for Sale in Kuniyamuthur, Coimbatore",900 sqft,₹85 Lac ,Carpet Area,900 sqft
191,"2 BHK Independent House for Sale in Edayarpalayam, Coimbatore",1400 sqft,₹63 Lac ,Super Area,1400 sqft
192,"3 BHK Independent House for Sale in Ponnaiah Rajapuram, Coimbatore",981 sqft,₹75 Lac ,Super Area,981 sqft
193,"2 BHK Independent House for Sale in Peelamedu, Coimbatore",641 sqft,₹1.25 Cr ,Super Area,641 sqft
194,"2 BHK Independent House for Sale in Sedan Thottam, Coimbatore",927 sqft,₹90 Lac ,Carpet Area,927 sqft
195,"4 BHK Independent House for Sale in Sulur, Coimbatore",3000 sqft,₹1.35 Cr ,Super Area,3000 sqft
196,"4 BHK Independent House for Sale in Tatabad, Coimbatore",4100 sqft,₹4.50 Cr ,Super Area,4100 sqft
197,"2 BHK Independent House for Sale in Navavoor Pirivu, Coimbatore",1200 sqft,₹67.7 Lac ,Carpet Area,1200 sqft
198,"3 BHK Independent House for Sale in Velandi Palayam, Coimbatore",2800 sqft,₹1 Cr ,Super Area,2800 sqft
199,"1 BHK Independent House for Sale in Ramanathapuram, Coimbatore",548 sqft,₹33 Lac ,Carpet Area,548 sqft
200,"4 BHK Independent House for Sale in Vadavalli, Coimbatore",2800 sqft,₹1.20 Cr ,Super Area,2800 sqft
201,"1 BHK Independent House for Sale in Sulur, Coimbatore",120 sqft,₹18.9 Lac ,Carpet Area,120 sqft
202,"3 BHK Independent House for Sale in New Siddhapudur, Coimbatore",1900 sqft,₹2.60 Cr ,Carpet Area,1900 sqft
203,"4 BHK Independent House for Sale in Neelambur, Coimbatore",2600 sqft,₹1.50 Cr ,Carpet Area,2600 sqft
204,"3 BHK Independent House for Sale in Periyanaickenpalayam, Coimbatore",1950 sqft,₹90 Lac ,Super Area,1950 sqft
205,"2 BHK Independent House for Sale in Mathampalayam, Coimbatore",725 sqft,₹19 Lac ,Carpet Area,725 sqft
206,"2 BHK Independent House for Sale in Pattanam, Coimbatore",700 sqft,₹38 Lac ,Super Area,700 sqft
207,"2 BHK Independent House for Sale in Ondipudur, Coimbatore",1350 sqft,₹65 Lac ,Super Area,1350 sqft
208,"2 BHK Independent House for Sale in Mathampalayam, Coimbatore",2600 sqft,₹35.5 Lac ,Carpet Area,2600 sqft
209,2 BHK Independent House for Sale in Coimbatore,1050 sqft,₹38 Lac ,Carpet Area,1050 sqft
210,"2 BHK Independent House for Sale in Pattanam, Coimbatore",1300 sqft,₹48 Lac ,Super Area,1300 sqft
211,"2 BHK Independent House for Sale in Pannimadai, Coimbatore",1200 sqft,₹52 Lac ,Carpet Area,1200 sqft
212,"2 BHK Independent House for Sale in Rathinapuri, Coimbatore",2231 sqft,₹1.25 Cr ,Carpet Area,2231 sqft
213,"5 BHK Independent House for Sale in Vellakinar, Coimbatore",3950 sqft,₹2.76 Cr ,Super Area,3950 sqft
214,"3 BHK Independent House for Sale in Mani Nagar, Coimbatore",1700 sqft,₹1.50 Cr ,Carpet Area,1700 sqft
215,"4 BHK Independent House for Sale in Neelikonam Palayam, Coimbatore",4 cent,₹1.50 Cr ,Carpet Area,4 cent
216,2 BHK Independent House for Sale in Coimbatore,1200 sqft,₹29 Lac ,Super Area,1200 sqft
217,"3 BHK Independent House for Sale in Cheran ma Nagar, Coimbatore",1200 sqft,₹1.20 Cr ,Carpet Area,1200 sqft
218,"2 BHK Independent House for Sale in Ramanathapuram, Coimbatore",1080 sqft,₹55 Lac ,Super Area,1080 sqft
219,"3 BHK Independent House for Sale in Edayarpalayam, Coimbatore",960 sqft,₹75 Lac ,Super Area,960 sqft
220,"3 BHK Independent House for Sale in Saravanampatty, Coimbatore",1600 sqft,₹85 Lac ,Carpet Area,1600 sqft
221,"4 BHK Independent House for Sale in Mettupalayam Road, Coimbatore",2556 sqft,₹85 Lac ,Carpet Area,2556 sqft
222,"3 BHK Independent House for Sale in Kovai Pudur, Coimbatore",1850 sqft,₹80 Lac ,Super Area,1850 sqft
223,"3 BHK Independent House for Sale in Pattanam, Coimbatore",1306 sqft,₹47 Lac ,Carpet Area,1306 sqft
224,"2 BHK Independent House for Sale in Pattanam, Coimbatore",1430 sqft,₹29 Lac ,Carpet Area,1430 sqft
225,"3 BHK Independent House for Sale in Ettimadai, Coimbatore",2100 sqft,₹55 Lac ,Super Area,2100 sqft
226,"2 BHK Independent House for Sale in Othakal Mandapam, Coimbatore",950 sqft,₹35 Lac ,Carpet Area,950 sqft
227,"3 BHK Independent House for Sale in Rathinapuri, Coimbatore",1200 sqft,₹40 Lac ,Super Area,1200 sqft
228,"1 BHK Independent House for Sale in Sulur, Coimbatore",120 sqft,₹18.9 Lac ,Carpet Area,120 sqft
229,"4 BHK Independent House for Sale in Rajiv Gandhi Nagar, Coimbatore",1800 sqft,₹48.5 Lac ,Carpet Area,1800 sqft
230,"4 BHK Independent House for Sale in Vilankurichi, Coimbatore",1500 sqft,₹95 Lac ,Carpet Area,1500 sqft
231,"5 BHK Independent House for Sale in Velandi Palayam, Coimbatore",5 cent,₹68 Lac ,Carpet Area,5 cent
232,"3 BHK Independent House for Sale in Vellakinar, Coimbatore",3200 sqft,₹2.25 Cr ,Carpet Area,3200 sqft
233,"2 BHK Independent House for Sale in Maniyakarampalayam, Coimbatore",3000 sqft,₹1.10 Cr ,Super Area,3000 sqft
234,"2 BHK Independent House for Sale in Annur, Coimbatore",920 sqft,₹20 Lac ,Carpet Area,920 sqft
235,"1 BHK Independent House for Sale in Sulur, Coimbatore",500 sqft,₹17 Lac ,Carpet Area,500 sqft
236,"4 BHK Independent House for Sale in Villankurichi Road, Coimbatore",3000 sqft,₹1.75 Cr ,Super Area,3000 sqft
237,"3 BHK Independent House for Sale in Edayarpalayam, Coimbatore",1322 sqft,₹53 Lac ,Carpet Area,1322 sqft
238,"2 BHK Independent House for Sale in Vilankurichi, Coimbatore",2100 sqft,₹80 Lac ,Super Area,2100 sqft
239,"4 BHK Independent House for Sale in pollachi, Coimbatore",2900 sqft,₹1.20 Cr ,Carpet Area,2900 sqft
240,"4 BHK Independent House for Sale in Sundarapuram, Coimbatore",1210 sqft,₹65 Lac ,Carpet Area,1210 sqft
241,"3 BHK Independent House for Sale in Thopampatti, Coimbatore",1200 sqft,₹56 Lac ,Carpet Area,1200 sqft
242,"2 BHK Independent House for Sale in Sukrawarpet, Coimbatore",1000 sqft,₹70 Lac ,Carpet Area,1000 sqft
243,"1 BHK Independent House for Sale in Ondipudur, Coimbatore",1800 sqft,₹60 Lac ,Carpet Area,1800 sqft
244,"2 BHK Independent House for Sale in Thondamuthur, Coimbatore",900 sqft,₹19 Lac ,Carpet Area,900 sqft
245,"3 BHK Independent House for Sale in Kovai Pudur, Coimbatore",1984 sqft,₹1 Cr ,Carpet Area,1984 sqft
246,"2 BHK Independent House for Sale in pollachi, Coimbatore",1300 sqft,₹46 Lac ,Super Area,1300 sqft
247,"6 BHK Independent House for Sale in Thondamuthur, Coimbatore",2000 sqft,₹95 Lac ,Super Area,2000 sqft
248,"2 BHK Independent House for Sale in Seera Naicken Palayam, Coimbatore",900 sqft,₹34 Lac ,Carpet Area,900 sqft
249,"2 BHK Independent House for Sale in Kovaipudur Pirivu, Coimbatore",1500 sqft,₹72 Lac ,Carpet Area,1500 sqft
250,"4 BHK Independent House for Sale in Pattanam, Coimbatore",2400 sqft,₹75 Lac ,Carpet Area,2400 sqft
251,"2 BHK Independent House for Sale in Athipalayam, Coimbatore",700 sqft,₹30 Lac ,Carpet Area,700 sqft
252,"2 BHK Independent House for Sale in Gandhipuram, Coimbatore",2587 sqft,₹3.90 Cr ,Super Area,2587 sqft
253,"2 BHK Independent House for Sale in Saravanampatty, Coimbatore",650 sqft,₹1.40 Cr ,Carpet Area,650 sqft
254,"3 BHK Independent House for Sale in Thudiyalur, Coimbatore",1250 sqft,₹85 Lac ,Super Area,1250 sqft
255,"3 BHK Independent House for Sale in Bodipalyam, Coimbatore",2200 sqft,₹82 Lac ,Carpet Area,2200 sqft
256,2 BHK Independent House for Sale in Coimbatore,1500 sqft,₹80 Lac ,Super Area,1500 sqft
257,"3 BHK Independent House for Sale in Saravanampatty, Coimbatore",1800 sqft,₹1.20 Cr ,Carpet Area,1800 sqft
258,"2 BHK Independent House for Sale in Idigarai, Coimbatore",725 sqft,₹35 Lac ,Carpet Area,725 sqft
259,"2 BHK Independent House for Sale in Karamadai, Coimbatore",1050 sqft,₹49.9 Lac ,Carpet Area,1050 sqft
260,"2 BHK Independent House for Sale in Keeranatham, Coimbatore",1250 sqft,₹52 Lac ,Carpet Area,1250 sqft
261,"4 BHK Independent House for Sale in Vellalore, Coimbatore",3320 sqft,₹1.45 Cr ,Carpet Area,3320 sqft
262,"2 BHK Independent House for Sale in Chettipalayam, Coimbatore",800 sqft,₹40 Lac ,Carpet Area,800 sqft
263,"2 BHK Independent House for Sale in Peelamedu, Coimbatore",750 sqft,₹86 Lac ,Super Area,750 sqft
264,"3 BHK Independent House for Sale in Podunur, Coimbatore",1812 sqft,₹95 Lac ,Super Area,1812 sqft
265,"3 BHK Independent House for Sale in Saravanampatty, Coimbatore",3 cent,₹76 Lac ,Carpet Area,3 cent
266,"2 BHK Independent House for Sale in Karamadai, Coimbatore",160 sqft,₹40 Lac ,Carpet Area,160 sqft
267,"3 BHK Independent House for Sale in Saravanampatty, Coimbatore",864 sqft,₹85 Lac ,Carpet Area,864 sqft
268,"2 BHK Independent House for Sale in Sirumugai, Coimbatore",800 sqft,₹65 Lac ,Super Area,800 sqft
269,"3 BHK Independent House for Sale in Vadavalli, Coimbatore",1760 sqft,₹77 Lac ,Carpet Area,1760 sqft
270,"3 BHK Independent House for Sale in Bommanampalayam, Coimbatore",250 sqft,₹70 Lac ,Carpet Area,250 sqft
271,"7 BHK Independent House for Sale in Selvapuram, Coimbatore",3400 sqft,₹1.75 Cr ,Super Area,3400 sqft
272,"2 BHK Independent House for Sale in Mettupalayam, Coimbatore",680 sqft,₹34 Lac ,Carpet Area,680 sqft
273,"2 BHK Independent House for Sale in Kamarajar Road Lakshmipuram, Coimbatore",2000 sqft,₹1.80 Cr ,Carpet Area,2000 sqft
274,"2 BHK Independent House for Sale in Keeranatham, Coimbatore",794 sqft,₹39 Lac ,Carpet Area,794 sqft
275,"3 BHK Independent House for Sale in Vadavalli, Coimbatore",2456 sqft,₹2.10 Cr ,Carpet Area,2456 sqft
276,"2 BHK Independent House for Sale in Pannimadai, Coimbatore",950 sqft,₹55 Lac ,Carpet Area,950 sqft
277,"5 BHK Independent House for Sale in Selvapuram, Coimbatore",5 cent,₹1.30 Cr ,Carpet Area,5 cent
278,"5 BHK Independent House for Sale in TVS Nagar, Coimbatore",2600 sqft,₹1.40 Cr ,Carpet Area,2600 sqft
279,"2 BHK Independent House for Sale in Pattanam, Coimbatore",1000 sqft,₹38 Lac ,Carpet Area,1000 sqft
280,"4 BHK Independent House for Sale in Kamban Nagar Ondipudur, Coimbatore",900 sqft,₹67 Lac ,Carpet Area,900 sqft
281,"2 BHK Independent House for Sale in Vadavalli, Coimbatore",1130 sqft,₹92 Lac ,Carpet Area,1130 sqft
282,"2 BHK Independent House for Sale in Periyanaickenpalayam, Coimbatore",900 sqft,₹35 Lac ,Carpet Area,900 sqft
283,"6 BHK Independent House for Sale in Kovai Pudur, Coimbatore",2800 sqft,₹1.10 Cr ,Carpet Area,2800 sqft
284,"3 BHK Independent House for Sale in Ramanathapuram, Coimbatore",675 sqft,₹75 Lac ,Carpet Area,675 sqft
285,"2 BHK Independent House for Sale in Kinathukadavu, Coimbatore",1010 sqft,₹42 Lac ,Carpet Area,1010 sqft
286,"5 BHK Independent House for Sale in Periyar Nagar, Coimbatore",1100 sqft,₹35 Lac ,Super Area,1100 sqft
287,"3 BHK Independent House for Sale in Madukkarai, Coimbatore",1450 sqft,₹60 Lac ,Super Area,1450 sqft
288,"4 BHK Independent House for Sale in Vadavalli, Coimbatore",3100 sqft,₹1.80 Cr ,Carpet Area,3100 sqft
289,"2 BHK Independent House for Sale in Thiruvalluvar Nagar, Coimbatore",1000 sqft,₹38 Lac ,Super Area,1000 sqft
290,"3 BHK Independent House for Sale in Ondipudur, Coimbatore",2534 sqft,₹1.40 Cr ,Carpet Area,2534 sqft
291,"3 BHK Independent House for Sale in Udayampalayam , Coimbatore",5200 sqft,₹3 Cr ,Carpet Area,5200 sqft
292,"4 BHK Independent House for Sale in Keeranatham, Coimbatore",1800 sqft,₹59 Lac ,Super Area,1800 sqft
293,"3 BHK Independent House for Sale in pollachi, Coimbatore",2000 sqft,₹87 Lac ,Carpet Area,2000 sqft
294,"1 BHK Independent House for Sale in Pappampatti, Coimbatore",450 sqft,₹15.7 Lac ,Super Area,450 sqft
295,"2 BHK Independent House for Sale in Vaiyampalayam, Coimbatore",1500 sqft,₹47 Lac ,Super Area,1500 sqft
296,"3 BHK Independent House for Sale in Keeranatham, Coimbatore",1700 sqft,₹65 Lac ,Carpet Area,1700 sqft
297,"5 BHK Independent House for Sale in Ramanathapuram, Coimbatore",1500 sqft,₹2.25 Cr ,Carpet Area,1500 sqft
298,"2 BHK Independent House for Sale in Kavundam Palayam, Coimbatore",2100 sqft,₹98 Lac ,Super Area,2100 sqft
299,"> 10 BHK Independent House for Sale in Arasur, Coimbatore",4400 sqft,₹1 Cr ,Carpet Area,4400 sqft
300,"1 BHK Independent House for Sale in Periyanaickenpalayam, Coimbatore",437 sqft,₹20 Lac ,Carpet Area,437 sqft
301,"2 BHK Independent House for Sale in Veerapandi Pirivu, Coimbatore",1400 sqft,₹52 Lac ,Carpet Area,1400 sqft
302,"3 BHK Independent House for Sale in Sundakkamuthur, Coimbatore",1850 sqft,₹75 Lac ,Super Area,1850 sqft
303,"2 BHK Independent House for Sale in Villankurichi Road, Coimbatore",2200 sqft,₹1.10 Cr ,Super Area,2200 sqft
304,"2 BHK Independent House for Sale in Karamadai, Coimbatore",1260 sqft,₹55 Lac ,Super Area,1260 sqft
305,"3 BHK Independent House for Sale in Neelambur, Coimbatore",2550 sqft,₹1.45 Cr ,Carpet Area,2550 sqft
306,"2 BHK Independent House for Sale in Vellanaipatti, Coimbatore",1350 sqft,₹1 Cr ,Carpet Area,1350 sqft
307,"2 BHK Independent House for Sale in Vadavalli, Coimbatore",700 sqft,₹75 Lac ,Carpet Area,700 sqft
308,"2 BHK Independent House for Sale in Irugur, Coimbatore",1307 sqft,₹57 Lac ,Super Area,1307 sqft
309,"2 BHK Independent House for Sale in Othakal Mandapam, Coimbatore",750 sqft,₹27 Lac ,Carpet Area,750 sqft
310,"2 BHK Independent House for Sale in Sulur, Coimbatore",1300 sqft,₹65 Lac ,Carpet Area,1300 sqft
311,"3 BHK Independent House for Sale in pollachi, Coimbatore",1800 sqft,₹1.25 Cr ,Super Area,1800 sqft
312,2 BHK Independent House for Sale in Coimbatore,1459 sqft,₹75 Lac ,Carpet Area,1459 sqft
313,"3 BHK Independent House for Sale in Vellalore, Coimbatore",100 sqft,₹60 Lac ,Carpet Area,100 sqft
314,"2 BHK Independent House for Sale in Keeranatham, Coimbatore",915 sqft,₹37 Lac ,Super Area,915 sqft
315,"2 BHK Independent House for Sale in Nanjundapuram, Coimbatore",1470 sqft,₹1.20 Cr ,Super Area,1470 sqft
316,"3 BHK Independent House for Sale in Cheran ma Nagar, Coimbatore",3250 sqft,₹2.25 Cr ,Super Area,3250 sqft
317,"2 BHK Independent House for Sale in Pappampatti, Coimbatore",1500 sqft,₹34 Lac ,Super Area,1500 sqft
318,"3 BHK Independent House for Sale in Saravanampatty, Coimbatore",1672 sqft,₹1.10 Cr ,Super Area,1672 sqft
319,"2 BHK Independent House for Sale in Sulur, Coimbatore",850 sqft,₹49 Lac ,Carpet Area,850 sqft
320,"2 BHK Independent House for Sale in Veerapandi Pirivu, Coimbatore",800 sqft,₹40 Lac ,Carpet Area,800 sqft
321,"2 BHK Independent House for Sale in Kovilpalayam, Coimbatore",750 sqft,₹29 Lac ,Carpet Area,750 sqft
322,"3 BHK Independent House for Sale in Saravanampatty, Coimbatore",1240 sqft,₹88 Lac ,Carpet Area,1240 sqft
323,"5 BHK Independent House for Sale in Sulur, Coimbatore",3300 sqft,₹1.25 Cr ,Carpet Area,3300 sqft
324,"2 BHK Independent House for Sale in Mettupalayam, Coimbatore",1466 sqft,₹55 Lac ,Super Area,1466 sqft
325,"4 BHK Independent House for Sale in Vadavalli, Coimbatore",2100 sqft,₹1.25 Cr ,Super Area,2100 sqft
326,"1 BHK Independent House for Sale in Saravanampatty, Coimbatore",600 sqft,₹31 Lac ,Carpet Area,600 sqft
327,"3 BHK Independent House for Sale in Trichy Road, Coimbatore",2447 sqft,₹1.85 Cr ,Super Area,2447 sqft
328,"3 BHK Independent House for Sale in Singanallur, Coimbatore",1200 sqft,₹92 Lac ,Carpet Area,1200 sqft
329,"3 BHK Independent House for Sale in Vadavalli, Coimbatore",1890 sqft,₹1.35 Cr ,Super Area,1890 sqft
330,"3 BHK Independent House for Sale in Kovai Pudur, Coimbatore",1588 sqft,₹72 Lac ,Super Area,1588 sqft
331,"3 BHK Independent House for Sale in Saravanampatty, Coimbatore",2800 sqft,₹1.25 Cr ,Carpet Area,2800 sqft
332,"2 BHK Independent House for Sale in Karamadai, Coimbatore",625 sqft,₹24.7 Lac ,Carpet Area,625 sqft
333,"3 BHK Independent House for Sale in Karamadai, Coimbatore",1300 sqft,₹40 Lac ,Carpet Area,1300 sqft
334,"3 BHK Independent House for Sale in Gandhipuram, Coimbatore",1700 sqft,₹54 Lac ,Carpet Area,1700 sqft
335,"2 BHK Independent House for Sale in Kovilpalayam, Coimbatore",1700 sqft,₹60 Lac ,Carpet Area,1700 sqft
336,"1 BHK Independent House for Sale in Veerakeralam, Coimbatore",300 sqft,₹15 Lac ,Super Area,300 sqft
337,"2 BHK Independent House for Sale in Idigarai, Coimbatore",680 sqft,₹35 Lac ,Super Area,680 sqft
338,"3 BHK Independent House for Sale in Chinnavedam patti, Coimbatore",1524 sqft,₹90 Lac ,Super Area,1524 sqft
339,"2 BHK Independent House for Sale in Othakal Mandapam, Coimbatore",750 sqft,₹25 Lac ,Carpet Area,750 sqft
340,"3 BHK Independent House for Sale in Periyanaickenpalayam, Coimbatore",4 cent,₹57 Lac ,Carpet Area,4 cent
341,"2 BHK Independent House for Sale in Athipalayam, Coimbatore",2100 sqft,₹1.40 Cr ,Carpet Area,2100 sqft
342,"2 BHK Independent House for Sale in Kovilpalayam, Coimbatore",1089 sqft,₹45 Lac ,Carpet Area,1089 sqft
343,2 BHK Independent House for Sale in Coimbatore,871 sqft,₹50 Lac ,Super Area,871 sqft
344,"3 BHK Independent House for Sale in Ramanathapuram, Coimbatore",986 sqft,₹65 Lac ,Super Area,986 sqft
345,2 BHK Independent House for Sale in Coimbatore,550 sqft,₹16 Lac ,Super Area,550 sqft
346,"3 BHK Independent House for Sale in Town hall, Coimbatore",326 sqft,₹40 Lac ,Carpet Area,326 sqft
347,"2 BHK Independent House for Sale in Thudiyalur, Coimbatore",1900 sqft,₹95 Lac ,Carpet Area,1900 sqft
348,"2 BHK Independent House for Sale in Periyanaickenpalayam, Coimbatore",3270 sqft,₹75 Lac ,Carpet Area,3270 sqft
349,6 BHK Independent House for Sale in Coimbatore,3000 sqft,₹75 Lac ,Super Area,3000 sqft
350,"5 BHK Independent House for Sale in Thoppampatti Pirivu, Coimbatore",2350 sqft,₹70 Lac ,Super Area,2350 sqft
351,"2 BHK Independent House for Sale in Saravanampatty, Coimbatore",1050 sqft,₹45 Lac ,Super Area,1050 sqft
352,1 BHK Independent House for Sale in Coimbatore,500 sqft,₹24 Lac ,Carpet Area,500 sqft
353,"1 BHK Independent House for Sale in Sundarapuram, Coimbatore",500 sqft,₹70 Lac ,Super Area,500 sqft
354,"2 BHK Independent House for Sale in Ganeshapuram, Coimbatore",650 sqft,₹24 Lac ,Super Area,650 sqft
355,"2 BHK Independent House for Sale in Thendral Nagar, Coimbatore",5 cent,₹88 Lac ,Super Area,5 cent
356,"5 BHK Independent House for Sale in Ramanuja Nagar, Coimbatore",2300 sqft,₹1.50 Cr ,Carpet Area,2300 sqft
357,"3 BHK Independent House for Sale in Pappampatti, Coimbatore",2200 sqft,₹45 Lac ,Carpet Area,2200 sqft
358,"2 BHK Independent House for Sale in Vellakinar, Coimbatore",1000 sqft,₹45 Lac ,Carpet Area,1000 sqft
359,"2 BHK Independent House for Sale in Sulur, Coimbatore",650 sqft,₹35 Lac ,Carpet Area,650 sqft
360,"3 BHK Independent House for Sale in Ramanathapuram, Coimbatore",1150 sqft,₹82 Lac ,Super Area,1150 sqft
361,"10 BHK Independent House for Sale in Rajiv Gandhi Nagar, Coimbatore",5000 sqft,₹4.50 Cr ,Super Area,5000 sqft
362,"3 BHK Independent House for Sale in Murugan nagar, Coimbatore",797 sqft,₹80 Lac ,Carpet Area,797 sqft
363,"2 BHK Independent House for Sale in Othakal Mandapam, Coimbatore",1010 sqft,₹45 Lac ,Carpet Area,1010 sqft
364,2 BHK Independent House for Sale in Coimbatore,1100 sqft,₹56 Lac ,Super Area,1100 sqft
365,"4 BHK Independent House for Sale in Poompuhar Nagar, Coimbatore",2200 sqft,₹95 Lac ,Carpet Area,2200 sqft
366,"5 BHK Independent House for Sale in Ramanathapuram, Coimbatore",2604 sqft,₹2 Cr ,Super Area,2604 sqft
367,2 BHK Independent House for Sale in Coimbatore,750 sqft,₹32 Lac ,Carpet Area,750 sqft
368,"2 BHK Independent House for Sale in Karamadai, Coimbatore",1500 sqft,₹50 Lac ,Super Area,1500 sqft
369,2 BHK Independent House for Sale in Coimbatore,1500 sqft,₹1.65 Cr ,Carpet Area,1500 sqft
370,"3 BHK Independent House for Sale in Karuparayanpalayam, Coimbatore",2360 sqft,₹2 Cr ,Carpet Area,2360 sqft
371,"2 BHK Independent House for Sale in Gandhipuram, Coimbatore",1083 sqft,₹67.5 Lac ,Super Area,1083 sqft
372,"2 BHK Independent House for Sale in Saravanampatty, Coimbatore",1200 sqft,₹52 Lac ,Super Area,1200 sqft
373,3 BHK Independent House for Sale in Coimbatore,1525 sqft,₹95 Lac ,Super Area,1525 sqft
374,"2 BHK Independent House for Sale in Sulur, Coimbatore",1200 sqft,₹32 Lac ,Carpet Area,1200 sqft
375,"3 BHK Independent House for Sale in Kalapatti, Coimbatore",2400 sqft,₹1.08 Cr ,Super Area,2400 sqft
376,"2 BHK Independent House for Sale in Gandhimaa Nagar, Coimbatore",100 sqft,₹30 Lac ,Carpet Area,100 sqft
377,"2 BHK Independent House for Sale in Gandhipuram, Coimbatore",1200 sqft,₹85 Lac ,Super Area,1200 sqft
378,"2 BHK Independent House for Sale in Ondipudur, Coimbatore",1617 sqft,₹70 Lac ,Super Area,1617 sqft
379,"4 BHK Independent House for Sale in Thudiyalur, Coimbatore",4500 sqft,₹3.50 Cr ,Super Area,4500 sqft
380,"5 BHK Independent House for Sale in Kavundam Palayam, Coimbatore",3500 sqft,₹1.63 Cr ,Super Area,3500 sqft
381,"3 BHK Independent House for Sale in Saravanampatty, Coimbatore",1060 sqft,₹65 Lac ,Super Area,1060 sqft
382,"2 BHK Independent House for Sale in Sulur, Coimbatore",800 sqft,₹23.4 Lac ,Carpet Area,800 sqft
383,"8 BHK Independent House for Sale in Sidhapudur, Coimbatore",3500 sqft,₹2.25 Cr ,Super Area,3500 sqft
384,"2 BHK Independent House for Sale in Thudiyalur, Coimbatore",110 sqft,₹26 Lac ,Carpet Area,110 sqft
385," House for Sale in Irugur, Coimbatore",Resale,₹27 Lac ,Transaction,Resale
386,2 BHK Independent House for Sale in Coimbatore,210 sqft,₹60 Lac ,Carpet Area,210 sqft
387,4 BHK Independent House for Sale in Coimbatore,1900 sqft,₹85 Lac ,Super Area,1900 sqft
388,"3 BHK Independent House for Sale in Vadavalli, Coimbatore",3 cent,₹86 Lac ,Super Area,3 cent
389,2 BHK Independent House for Sale in Coimbatore,1657 sqft,₹50 Lac ,Super Area,1657 sqft
390,"2 BHK Independent House for Sale in Nadupalayam, Coimbatore",1100 sqft,₹37 Lac ,Super Area,1100 sqft
391,"3 BHK Independent House for Sale in Karuparayanpalayam, Coimbatore",1550 sqft,₹70 Lac ,Super Area,1550 sqft
392,"2 BHK Independent House for Sale in Veerapandi Pirivu, Coimbatore",800 sqft,₹35 Lac ,Carpet Area,800 sqft
393,"3 BHK Independent House for Sale in Saravanampatty, Coimbatore",2500 sqft,₹80 Lac ,Super Area,2500 sqft
394,"2 BHK Independent House for Sale in Vellalore, Coimbatore",950 sqft,₹70 Lac ,Super Area,950 sqft
395,"2 BHK Independent House for Sale in Pappampatti, Coimbatore",650 sqft,₹32 Lac ,Carpet Area,650 sqft
396,"2 BHK Independent House for Sale in Rathinapuri, Coimbatore",912 sqft,₹85 Lac ,Super Area,912 sqft
397,"3 BHK Independent House for Sale in Ettimadai, Coimbatore",1150 sqft,₹30 Lac ,Carpet Area,1150 sqft
398,"2 BHK Independent House for Sale in Keeranatham, Coimbatore",100 sqft,₹70 Lac ,Carpet Area,100 sqft
399,"3 BHK Independent House for Sale in Nehru Nagar, Coimbatore",700 sqft,₹2.75 Cr ,Carpet Area,700 sqft
400,"3 BHK Independent House for Sale in Vadavalli, Coimbatore",2200 sqft,₹1.35 Cr ,Carpet Area,2200 sqft
401,"6 BHK Independent House for Sale in R S Puram, Coimbatore",3240 sqft,₹2.50 Cr ,Super Area,3240 sqft
402,"6 BHK Independent House for Sale in Pattanam, Coimbatore",2592 sqft,₹82 Lac ,Carpet Area,2592 sqft
403,"2 BHK Independent House for Sale in Podunur, Coimbatore",1750 sqft,₹62 Lac ,Super Area,1750 sqft
404,"2 BHK Independent House for Sale in Kuniyamuthur, Coimbatore",1850 sqft,₹43 Lac ,Carpet Area,1850 sqft
405,"2 BHK Independent House for Sale in Vadamadurai, Coimbatore",650 sqft,₹30 Lac ,Super Area,650 sqft
406,"2 BHK Independent House for Sale in Athipalayam, Coimbatore",1170 sqft,₹47 Lac ,Super Area,1170 sqft
407,3 BHK Independent House for Sale in Coimbatore,1600 sqft,₹55 Lac ,Carpet Area,1600 sqft
408,"2 BHK Independent House for Sale in Pattanam, Coimbatore",1000 sqft,₹48 Lac ,Carpet Area,1000 sqft
409,"6 BHK Independent House for Sale in R S Puram, Coimbatore",1800 sqft,₹1.25 Cr ,Super Area,1800 sqft
410,"3 BHK Independent House for Sale in Singanallur, Coimbatore",Ground out of 1,₹96 Lac ,Floor,Ground out of 1
411,"3 BHK Independent House for Sale in Sulur, Coimbatore",1000 sqft,₹47.5 Lac ,Carpet Area,1000 sqft
412,"2 BHK Independent House for Sale in Idigarai, Coimbatore",980 sqft,₹45 Lac ,Carpet Area,980 sqft
413,"2 BHK Independent House for Sale in Town hall, Coimbatore",900 sqft,₹60 Lac ,Super Area,900 sqft
414,"3 BHK Independent House for Sale in Nallampalayam, Coimbatore",2650 sqft,₹1.40 Cr ,Carpet Area,2650 sqft
415,"3 BHK Independent House for Sale in Neelambur, Coimbatore",1000 sqft,₹35 Lac ,Super Area,1000 sqft
416,6 BHK Independent House for Sale in Coimbatore,1600 sqft,₹1.40 Cr ,Super Area,1600 sqft
417,"3 BHK Independent House for Sale in Kanuvai, Coimbatore",3100 sqft,₹1.50 Cr ,Super Area,3100 sqft
418,"4 BHK Independent House for Sale in Saibaba Colony, Coimbatore",3500 sqft,₹6 Cr ,Carpet Area,3500 sqft
419,"3 BHK Independent House for Sale in Vadavalli, Coimbatore",5227 sqft,₹2 Cr ,Carpet Area,5227 sqft
420,"4 BHK Independent House for Sale in Kovai Pudur, Coimbatore",2500 sqft,₹95 Lac ,Carpet Area,2500 sqft
421,"2 BHK Independent House for Sale in NGGO Colony, Coimbatore",850 sqft,₹55 Lac ,Carpet Area,850 sqft
422,"2 BHK Independent House for Sale in Town hall, Coimbatore",462 sqft,₹40 Lac ,Carpet Area,462 sqft
423,"4 BHK Independent House for Sale in Vadamadurai, Coimbatore",1750 sqft,₹99 Lac ,Carpet Area,1750 sqft
424,"2 BHK Independent House for Sale in Pannimadai, Coimbatore",1105 sqft,₹45 Lac ,Super Area,1105 sqft
425,"1 BHK Independent House for Sale in Dhanalakshmi Puram, Coimbatore",500 sqft,₹11 Lac ,Carpet Area,500 sqft
426,"1 BHK Independent House for Sale in Kovilpalayam, Coimbatore",816 sqft,₹27 Lac ,Carpet Area,816 sqft
427,"3 BHK Independent House for Sale in Keeranatham, Coimbatore",1850 sqft,₹72 Lac ,Super Area,1850 sqft
428,"6 BHK Independent House for Sale in KRG Nagar, Coimbatore",1700 sqft,₹1.50 Cr ,Super Area,1700 sqft
429,"2 BHK Independent House for Sale in pollachi, Coimbatore",669 sqft,₹33 Lac ,Super Area,669 sqft
430,"5 BHK Independent House for Sale in pollachi, Coimbatore",3600 sqft,₹95 Lac ,Super Area,3600 sqft
431,"3 BHK Independent House for Sale in Vadamadurai, Coimbatore",1200 sqft,₹41.9 Lac ,Carpet Area,1200 sqft
432,"3 BHK Independent House for Sale in Ganapathy, Coimbatore",1600 sqft,₹2.50 Cr ,Super Area,1600 sqft
433,"2 BHK Independent House for Sale in Kovilpalayam, Coimbatore",5 cent,₹50 Lac ,Super Area,5 cent
434,"1 BHK Independent House for Sale in Ramanathapuram, Coimbatore",2000 sqft,₹55 Lac ,Carpet Area,2000 sqft
435,"2 BHK Independent House for Sale in Chinnavedampatti, Coimbatore",1200 sqft,₹90 Lac ,Carpet Area,1200 sqft
436,3 BHK Independent House for Sale in Coimbatore,1200 sqft,₹65 Lac ,Carpet Area,1200 sqft
437,"8 BHK Independent House for Sale in New Siddhapudur, Coimbatore",3800 sqft,₹2.40 Cr ,Carpet Area,3800 sqft
438,"3 BHK Independent House for Sale in pollachi, Coimbatore",2200 sqft,₹92 Lac ,Carpet Area,2200 sqft
439,"3 BHK Independent House for Sale in VSK Nagar, Coimbatore",1450 sqft,₹80 Lac ,Carpet Area,1450 sqft
440,"2 BHK Independent House for Sale in Narasimhanaicken Palayam, Coimbatore",921 sqft,₹41 Lac ,Carpet Area,921 sqft
441,"2 BHK Independent House for Sale in Neelambur, Coimbatore",1100 sqft,₹46 Lac ,Super Area,1100 sqft
442,"3 BHK Independent House for Sale in Madukkarai, Coimbatore",1634 sqft,₹92 Lac ,Carpet Area,1634 sqft
443,"1 BHK Independent House for Sale in Saravanampatty, Coimbatore",1000 sqft,₹62 Lac ,Carpet Area,1000 sqft
444,2 BHK Independent House for Sale in Coimbatore,1000 sqft,₹35 Lac ,Super Area,1000 sqft
445,"5 BHK Independent House for Sale in Tata Bad, Coimbatore",1800 sqft,₹2.80 Cr ,Carpet Area,1800 sqft
446,"4 BHK Independent House for Sale in Ganapathy, Coimbatore",5500 sqft,₹1.30 Cr ,Carpet Area,5500 sqft
447,"2 BHK Independent House for Sale in Periyanaickenpalayam, Coimbatore",1100 sqft,₹56 Lac ,Carpet Area,1100 sqft
448,4 BHK Independent House for Sale in Coimbatore,1196 sqft,₹1 Cr ,Carpet Area,1196 sqft
449,"2 BHK Independent House for Sale in Shanthi Medu, Coimbatore",1500 sqft,₹55 Lac ,Super Area,1500 sqft
450,"4 BHK Independent House for Sale in LIC Colony, Coimbatore",890 sqft,₹49 Lac ,Carpet Area,890 sqft
451,"2 BHK Independent House for Sale in Kunnathur, Coimbatore",1500 sqft,₹50 Lac ,Super Area,1500 sqft
452,"2 BHK Independent House for Sale in Puliakulam, Coimbatore",1200 sqft,₹38 Lac ,Carpet Area,1200 sqft
453,"4 BHK Independent House for Sale in Karamadai, Coimbatore",2800 sqft,₹1.30 Cr ,Carpet Area,2800 sqft
454,"2 BHK Independent House for Sale in Podunur, Coimbatore",5040 sqft,₹1.50 Cr ,Carpet Area,5040 sqft
455,"2 BHK Independent House for Sale in Kurichi, Coimbatore",700 sqft,₹1 Cr ,Carpet Area,700 sqft
456,"2 BHK Independent House for Sale in Velandi Palayam, Coimbatore",1027 sqft,₹1.85 Cr ,Carpet Area,1027 sqft
457,"1 BHK Independent House for Sale in pollachi, Coimbatore",1200 sqft,₹39 Lac ,Carpet Area,1200 sqft
458,"3 BHK Independent House for Sale in Peelamedu, Coimbatore",1500 sqft,₹1.80 Cr ,Carpet Area,1500 sqft
459," House for Sale in Gandhipuram, Coimbatore",1815 sqft,₹2.90 Cr ,Carpet Area,1815 sqft
460,"2 BHK Independent House for Sale in Vadavalli, Coimbatore",1600 sqft,₹70 Lac ,Carpet Area,1600 sqft
461,5 BHK Independent House for Sale in Coimbatore,4000 sqft,₹1.55 Cr ,Super Area,4000 sqft
462,"4 BHK Independent House for Sale in Kalapatti, Coimbatore",1456 sqft,₹63 Lac ,Super Area,1456 sqft
463,"2 BHK Independent House for Sale in Saravanampatti, Coimbatore",1400 sqft,₹35 Lac ,Super Area,1400 sqft
464,"1 BHK Independent House for Sale in Kondayampalayam, Coimbatore",550 sqft,₹23 Lac ,Super Area,550 sqft
465,"2 BHK Independent House for Sale in Thudiyalur, Coimbatore",500 sqft,₹20 Lac ,Carpet Area,500 sqft
466,"2 BHK Independent House for Sale in Karamadai, Coimbatore",1500 sqft,₹3 Cr ,Super Area,1500 sqft
467,2 BHK Independent House for Sale in Coimbatore,500 sqft,₹23 Lac ,Carpet Area,500 sqft
468,"2 BHK Independent House for Sale in Saravanampatty, Coimbatore",1250 sqft,₹33 Lac ,Super Area,1250 sqft
469,"2 BHK Independent House for Sale in Kurumbapalayam, Coimbatore",1011 sqft,₹62 Lac ,Carpet Area,1011 sqft
470,"3 BHK Independent House for Sale in Red Fields, Coimbatore",1100 sqft,₹1.50 Cr ,Super Area,1100 sqft
471,"9 BHK Independent House for Sale in pollachi, Coimbatore",5000 sqft,₹5 Cr ,Carpet Area,5000 sqft
472,"3 BHK Independent House for Sale in R.S. Puram, Coimbatore",1088 sqft,₹80 Lac ,Super Area,1088 sqft
473,"5 BHK Independent House for Sale in Dr Jaganatha Nagar, Coimbatore",3500 sqft,₹2.25 Cr ,Carpet Area,3500 sqft
474,"2 BHK Independent House for Sale in Karamadai, Coimbatore",1200 sqft,₹45 Lac ,Super Area,1200 sqft
475,"2 BHK Independent House for Sale in Vellalore, Coimbatore",900 sqft,₹75 Lac ,Carpet Area,900 sqft
476,"4 BHK Independent House for Sale in Ganesh Lay Out, Coimbatore",2070 sqft,₹1.71 Cr ,Super Area,2070 sqft
477,"3 BHK Independent House for Sale in Velandi Palayam, Coimbatore",2400 sqft,₹60 Lac ,Super Area,2400 sqft
478,"3 BHK Independent House for Sale in Sowripalayam, Coimbatore",1250 sqft,₹1.70 Cr ,Carpet Area,1250 sqft
479,"1 BHK Independent House for Sale in Sulur, Coimbatore",500 sqft,₹21 Lac ,Carpet Area,500 sqft
480,"5 BHK Independent House for Sale in Billichi, Coimbatore",2800 sqft,₹85 Lac ,Carpet Area,2800 sqft
481,"2 BHK Independent House for Sale in Chettipalayam, Coimbatore",3 cent,₹24 Lac ,Super Area,3 cent
482,"2 BHK Independent House for Sale in Karamadai, Coimbatore",1200 sqft,₹42 Lac ,Super Area,1200 sqft
483,"3 BHK Independent House for Sale in Lakshmi nagar, Coimbatore",3 cent,₹90 Lac ,Carpet Area,3 cent
484,"2 BHK Independent House for Sale in Madampatti, Coimbatore",840 sqft,₹38 Lac ,Super Area,840 sqft
485,2 BHK Independent House for Sale in Coimbatore,356 sqft,₹35 Lac ,Super Area,356 sqft
486,"1 BHK Independent House for Sale in Kinathukadavu, Coimbatore",600 sqft,₹25 Lac ,Carpet Area,600 sqft
487,"3 BHK Independent House for Sale in Kuppakonam Pudur, Coimbatore",2500 sqft,₹1.90 Cr ,Super Area,2500 sqft
488,"3 BHK Independent House for Sale in Vadavalli, Coimbatore",2456 sqft,₹2.10 Cr ,Super Area,2456 sqft
489,"3 BHK Independent House for Sale in Vadamadurai, Coimbatore",2450 sqft,₹99 Lac ,Carpet Area,2450 sqft
490,"2 BHK Independent House for Sale in Veerapandi Pirivu, Coimbatore",1000 sqft,₹90 Lac ,Carpet Area,1000 sqft
491,"6 BHK Independent House for Sale in Vilankurichi, Coimbatore",12000 sqft,₹3.50 Cr ,Carpet Area,12000 sqft
492,"3 BHK Independent House for Sale in Pannimadai, Coimbatore",1700 sqft,₹55 Lac ,Super Area,1700 sqft
493,"2 BHK Independent House for Sale in Sowripalayam, Coimbatore",4 cent,₹80 Lac ,Super Area,4 cent
494,"2 BHK Independent House for Sale in Sarvana Nagar, Coimbatore",1000 sqft,₹50 Lac ,Super Area,1000 sqft
495,"3 BHK Independent House for Sale in Cheran ma Nagar, Coimbatore",3760 sqft,₹1.50 Cr ,Carpet Area,3760 sqft
496,"8 BHK Independent House for Sale in Peelamedu, Coimbatore",4000 sqft,₹2 Cr ,Super Area,4000 sqft
497,1 BHK Independent House for Sale in Coimbatore,1300 sqft,₹65 Lac ,Super Area,1300 sqft
498,"4 BHK Independent House for Sale in Thudiyalur, Coimbatore",1800 sqft,₹90 Lac ,Carpet Area,1800 sqft
499,3 BHK Independent House for Sale in Coimbatore,1108 sqft,₹1.40 Cr ,Super Area,1108 sqft
500,4 BHK Independent House for Sale in Coimbatore,1392 sqft,₹69 Lac ,Super Area,1392 sqft
501,"2 BHK Independent House for Sale in Sirumugai, Coimbatore",1850 sqft,₹55 Lac ,Super Area,1850 sqft
502,"1 BHK Independent House for Sale in Thondamuthur, Coimbatore",900 sqft,₹35 Lac ,Super Area,900 sqft
503,"2 BHK Independent House for Sale in Karamadai, Coimbatore",1200 sqft,₹42 Lac ,Super Area,1200 sqft
504,"4 BHK Independent House for Sale in Ramanathapuram, Coimbatore",2100 sqft,₹1.90 Cr ,Carpet Area,2100 sqft
505,"2 BHK Independent House for Sale in Veerakeralam, Coimbatore",1500 sqft,₹70 Lac ,Super Area,1500 sqft
506,"2 BHK Independent House for Sale in pollachi, Coimbatore",1387 sqft,₹48 Lac ,Super Area,1387 sqft
507,"2 BHK Independent House for Sale in Vinayagapuram, Coimbatore",870 sqft,₹48 Lac ,Carpet Area,870 sqft
508,"2 BHK Independent House for Sale in Ganapathi Maanagar, Coimbatore",1400 sqft,₹90 Lac ,Carpet Area,1400 sqft
509,"5 BHK Independent House for Sale in Singanallur, Coimbatore",2610 sqft,₹90 Lac ,Super Area,2610 sqft
510,"3 BHK Independent House for Sale in Avinashi Road, Coimbatore",1666 sqft,₹70 Lac ,Carpet Area,1666 sqft
511,"3 BHK Independent House for Sale in Kovai Pudur, Coimbatore",2600 sqft,₹98 Lac ,Carpet Area,2600 sqft
512,"7 BHK Independent House for Sale in Saibaba Colony, Coimbatore",3800 sqft,₹3.50 Cr ,Super Area,3800 sqft
513,"3 BHK Independent House for Sale in Podunur, Coimbatore",2000 sqft,₹1.50 Cr ,Carpet Area,2000 sqft
514,"2 BHK Independent House for Sale in Keeranatham, Coimbatore",1140 sqft,₹47 Lac ,Carpet Area,1140 sqft
515,"3 BHK Independent House for Sale in Balaji Gardens, Coimbatore",1200 sqft,₹67 Lac ,Carpet Area,1200 sqft
516,"1 BHK Independent House for Sale in Argus nagar, Coimbatore",624 sqft,₹76 Lac ,Carpet Area,624 sqft
517,"3 BHK Independent House for Sale in Saravanampatty, Coimbatore",999 sqft,₹90 Lac ,Carpet Area,999 sqft
518,"2 BHK Independent House for Sale in Karayampalayam, Coimbatore",3726 sqft,₹1.60 Cr ,Carpet Area,3726 sqft
519,"3 BHK Independent House for Sale in Masakali Palayam, Coimbatore",4356 sqft,₹3 Cr ,Super Area,4356 sqft
520,"3 BHK Independent House for Sale in VNR Nagar, Coimbatore",1500 sqft,₹72 Lac ,Carpet Area,1500 sqft
521,"2 BHK Independent House for Sale in Periyanaickenpalayam, Coimbatore",1800 sqft,₹52 Lac ,Carpet Area,1800 sqft
522,"3 BHK Independent House for Sale in Vadavalli, Coimbatore",3150 sqft,₹1.70 Cr ,Super Area,3150 sqft
523,2 BHK Independent House for Sale in Coimbatore,1600 sqft,₹38 Lac ,Carpet Area,1600 sqft
524,2 BHK Independent House for Sale in Coimbatore,2000 sqft,₹55 Lac ,Carpet Area,2000 sqft
525,"3 BHK Independent House for Sale in Ramalingam Nagar, Coimbatore",1300 sqft,₹2 Cr ,Carpet Area,1300 sqft
526,"3 BHK Independent House for Sale in Ganapathy, Coimbatore",1200 sqft,₹55 Lac ,Carpet Area,1200 sqft
527,"1 BHK Independent House for Sale in NGGO Colony, Coimbatore",6 cent,₹95 Lac ,Carpet Area,6 cent
528,"2 BHK Independent House for Sale in Karamadai, Coimbatore",900 sqft,₹45 Lac ,Super Area,900 sqft
529,"3 BHK Independent House for Sale in Vadavalli, Coimbatore",2000 sqft,₹1.25 Cr ,Carpet Area,2000 sqft
530,"2 BHK Independent House for Sale in Thirumalayam Palayam, Coimbatore",750 sqft,₹24 Lac ,Carpet Area,750 sqft
531,"4 BHK Independent House for Sale in Saravanampatty, Coimbatore",2400 sqft,₹1.80 Cr ,Carpet Area,2400 sqft
532,"3 BHK Independent House for Sale in Neelambur, Coimbatore",2400 sqft,₹1.45 Cr ,Carpet Area,2400 sqft
533,"4 BHK Independent House for Sale in Saravanampatty, Coimbatore",3214 sqft,₹2.24 Cr ,Super Area,3214 sqft
534,"3 BHK Independent House for Sale in Kavundam Palayam, Coimbatore",2000 sqft,₹1.05 Cr ,Super Area,2000 sqft
535,"2 BHK Independent House for Sale in Shanthi Medu, Coimbatore",1060 sqft,₹40 Lac ,Super Area,1060 sqft
536,"2 BHK Independent House for Sale in Gandhi Park, Coimbatore",1500 sqft,₹1.65 Cr ,Carpet Area,1500 sqft
537,"2 BHK Independent House for Sale in Idigarai, Coimbatore",1300 sqft,₹49 Lac ,Carpet Area,1300 sqft
538,"1 BHK Independent House for Sale in Annur Metu Palayam, Coimbatore",500 sqft,₹12 Lac ,Super Area,500 sqft
539,"2 BHK Independent House for Sale in Velandi Palayam, Coimbatore",870 sqft,₹25 Lac ,Carpet Area,870 sqft
540,"3 BHK Independent House for Sale in Saravanampatty, Coimbatore",1600 sqft,₹85 Lac ,Super Area,1600 sqft
541,"3 BHK Independent House for Sale in Saibaba Colony, Coimbatore",2100 sqft,₹2.25 Cr ,Super Area,2100 sqft
542,"2 BHK Independent House for Sale in Sulur, Coimbatore",100 sqft,₹25.5 Lac ,Carpet Area,100 sqft
543,"6 BHK Independent House for Sale in Narayana Avenue Road, Coimbatore",2000 sqft,₹1.75 Cr ,Carpet Area,2000 sqft
544,"1 BHK Independent House for Sale in Kinathukadavu, Coimbatore",350 sqft,₹13.9 Lac ,Carpet Area,350 sqft
545,"2 BHK Independent House for Sale in Mettupalayam, Coimbatore",1300 sqft,₹30 Lac ,Carpet Area,1300 sqft
546,"2 BHK Independent House for Sale in Ganapathy, Coimbatore",1100 sqft,₹85 Lac ,Carpet Area,1100 sqft
547,2 BHK Independent House for Sale in Coimbatore,1200 sqft,₹25 Lac ,Super Area,1200 sqft
548,"2 BHK Independent House for Sale in Vellalore, Coimbatore",26 cent,₹36 Lac ,Carpet Area,26 cent
549,"3 BHK Independent House for Sale in Periyanaickenpalayam, Coimbatore",1740 sqft,₹39 Lac ,Super Area,1740 sqft
550,"2 BHK Independent House for Sale in Sulur, Coimbatore",1250 sqft,₹68 Lac ,Super Area,1250 sqft
551,"3 BHK Independent House for Sale in Thoppampatti Pirivu, Coimbatore",1500 cent,₹75 Lac ,Carpet Area,1500 cent
552,"2 BHK Independent House for Sale in Koundampalayam, Coimbatore",1300 sqft,₹75 Lac ,Super Area,1300 sqft
553,"2 BHK Independent House for Sale in Cheran ma Nagar, Coimbatore",2400 sqft,₹90 Lac ,Super Area,2400 sqft
554,"6 BHK Independent House for Sale in Podunur, Coimbatore",2528 sqft,₹1.80 Cr ,Super Area,2528 sqft
555,"2 BHK Independent House for Sale in Pattanam, Coimbatore",600 sqft,₹27.5 Lac ,Carpet Area,600 sqft
556,"2 BHK Independent House for Sale in Vaiyampalayam, Coimbatore",1000 sqft,₹25 Lac ,Carpet Area,1000 sqft
557,"2 BHK Independent House for Sale in Neelambur, Coimbatore",1200 sqft,₹49 Lac ,Super Area,1200 sqft
558,"3 BHK Independent House for Sale in Ondipudur, Coimbatore",1800 sqft,₹50 Lac ,Super Area,1800 sqft
559,"4 BHK Independent House for Sale in Thirumurugan Nagar, Coimbatore",4200 sqft,₹1.80 Cr ,Carpet Area,4200 sqft
560,"2 BHK Independent House for Sale in Sungam, Coimbatore",2398 sqft,₹2.20 Cr ,Super Area,2398 sqft
561,"3 BHK Independent House for Sale in Vadamadurai, Coimbatore",1800 sqft,₹90 Lac ,Carpet Area,1800 sqft
562,"2 BHK Independent House for Sale in NGGO Colony, Coimbatore",1400 sqft,₹42 Lac ,Super Area,1400 sqft
563,"3 BHK Independent House for Sale in Narasimhanaicken Palayam, Coimbatore",1100 sqft,₹50 Lac ,Carpet Area,1100 sqft
564,"1 BHK Independent House for Sale in Pattanam Pudur, Coimbatore",450 sqft,₹39 Lac ,Carpet Area,450 sqft
565,"1 BHK Independent House for Sale in Karumathampatti, Coimbatore",800 sqft,₹32 Lac ,Super Area,800 sqft
566,"2 BHK Independent House for Sale in Ganapathy Nagar, Coimbatore",1852 sqft,₹72 Lac ,Super Area,1852 sqft
567,3 BHK Independent House for Sale in Coimbatore,1520 sqft,₹60 Lac ,Super Area,1520 sqft
568,"2 BHK Independent House for Sale in Saravanampatty, Coimbatore",1272 sqft,₹44 Lac ,Carpet Area,1272 sqft
569,"3 BHK Independent House for Sale in Saravanampatty, Coimbatore",200 sqft,₹82 Lac ,Carpet Area,200 sqft
570,"3 BHK Independent House for Sale in Edayarpalayam, Coimbatore",2400 sqft,₹2 Cr ,Super Area,2400 sqft
571,"2 BHK Independent House for Sale in pollachi, Coimbatore",1100 sqft,₹90 Lac ,Super Area,1100 sqft
572,"1 BHK Independent House for Sale in Avarampalayam, Coimbatore",1600 sqft,₹90 Lac ,Carpet Area,1600 sqft
573,"2 BHK Independent House for Sale in JJ Nagar, Coimbatore",1200 sqft,₹48 Lac ,Super Area,1200 sqft
574,"2 BHK Independent House for Sale in Podunur, Coimbatore",1200 sqft,₹42 Lac ,Super Area,1200 sqft
575,"> 10 BHK Independent House for Sale in Ganapathy, Coimbatore",6000 sqft,₹2.10 Cr ,Super Area,6000 sqft
576,"2 BHK Independent House for Sale in Othakal Mandapam, Coimbatore",800 sqft,₹20.9 Lac ,Carpet Area,800 sqft
577,"3 BHK Independent House for Sale in Ganapathy Nagar, Coimbatore",2400 sqft,₹65 Lac ,Super Area,2400 sqft
578,"2 BHK Independent House for Sale in Karamadai, Coimbatore",200 sqft,₹39 Lac ,Carpet Area,200 sqft
579,"2 BHK Independent House for Sale in Palakkad Main Road, Coimbatore",1200 sqft,₹80 Lac ,Super Area,1200 sqft
580,"1 BHK Independent House for Sale in pollachi, Coimbatore",432 sqft,₹10 Lac ,Super Area,432 sqft
581,"6 BHK Independent House for Sale in Saibaba Colony, Coimbatore",7000 sqft,₹4 Cr ,Super Area,7000 sqft
582,"2 BHK Independent House for Sale in Sulur, Coimbatore",2400 sqft,₹70 Lac ,Super Area,2400 sqft
583,"3 BHK Independent House for Sale in Gandhipuram, Coimbatore",2175 sqft,₹95 Lac ,Super Area,2175 sqft
584,"1 BHK Independent House for Sale in Gandhimaa Nagar, Coimbatore",350 sqft,₹53 Lac ,Carpet Area,350 sqft
585,"2 BHK Independent House for Sale in Kanuvai, Coimbatore",700 sqft,₹31 Lac ,Super Area,700 sqft
586,"2 BHK Independent House for Sale in Madukkarai, Coimbatore",1100 sqft,₹50 Lac ,Super Area,1100 sqft
587,"4 BHK Independent House for Sale in PN Pudur, Coimbatore",2200 sqft,₹100 Lac ,Super Area,2200 sqft
588,"3 BHK Independent House for Sale in Kinathukadavu, Coimbatore",1500 sqft,₹70 Lac ,Carpet Area,1500 sqft
589,"7 BHK Independent House for Sale in Ram Nagar, Coimbatore",2500 sqft,₹2.20 Cr ,Carpet Area,2500 sqft
590,1 BHK Independent House for Sale in Coimbatore,450 sqft,₹9.9 Lac ,Super Area,450 sqft
591,"3 BHK Independent House for Sale in Periyanaickenpalayam, Coimbatore",1700 sqft,₹60 Lac ,Carpet Area,1700 sqft
592,"4 BHK Independent House for Sale in Saibaba Colony, Coimbatore",2000 sqft,₹2 Cr ,Carpet Area,2000 sqft
593,"1 BHK Independent House for Sale in Sulur, Coimbatore",1200 sqft,₹32 Lac ,Carpet Area,1200 sqft
594,"3 BHK Independent House for Sale in Vadavalli, Coimbatore",1850 sqft,₹85 Lac ,Super Area,1850 sqft
595,"3 BHK Independent House for Sale in Kuniyamuthur, Coimbatore",1500 sqft,₹53 Lac ,Super Area,1500 sqft
596,"2 BHK Independent House for Sale in Othakal Mandapam, Coimbatore",1980 sqft,₹40 Lac ,Super Area,1980 sqft
597,"2 BHK Independent House for Sale in Vellanaipatti, Coimbatore",1100 sqft,₹52 Lac ,Super Area,1100 sqft
598,"3 BHK Independent House for Sale in K K Pudur, Coimbatore",1100 sqft,₹80 Lac ,Super Area,1100 sqft
599,"2 BHK Independent House for Sale in Peelamedu, Coimbatore",360 sqft,₹20 Lac ,Super Area,360 sqft
